run_id,brand,mentioned_extractor,mentioned_human,response_text
893d6203-19e8-4881-aa63-abc2effa748d,Basecamp,true,true,"The most popular project management tools among **small software teams** are generally **Jira, Trello, Asana, ClickUp, Monday.com, Notion, and Basecamp**, with Jira especially dominant for engineering-focused teams.[1][4][11][12][13]

### Core tools you’ll see most often in small dev teams

- **Jira** – The de facto standard for **software development and agile workflows** (Scrum, Kanban), widely used because it integrates tightly with Confluence and other Atlassian tools, and is explicitly recommended as “top choice for development teams.”[1][11][12][13]  
- **Trello** – Extremely popular for **lightweight, visual Kanban boards** and simple task tracking for small teams; repeatedly described as a go‑to for individuals and small teams that want a visual, low‑overhead tool.[2][5][6][12][13][15]  
- **Asana** – Common in **small to mid‑size cross‑functional teams** (product, design, marketing plus engineering) thanks to its structured tasks, roadmaps, and flexible views; noted as “one of the more popular project management software platforms” and recommended for small–mid teams.[6][12][13]  
- **ClickUp** – Growing quickly among small teams that want **maximum customization** (multiple views, docs, mind maps) at a low price; several guides highlight it as “best for small teams that want maximum customization” and a top option for small teams.[2][4][5][8][13]  
- **Monday.com** – Very popular with small teams that want a **polished, visual, easy-to-onboard tool**; multiple reviews call it “the best project management tool for most small teams” and highlight its rise in popularity with small teams.[2][5][7][8][10][13]  
- **Notion** – Often used by small software/product teams as an **all‑in‑one workspace** (docs, tasks, wiki) rather than a pure PM tool; recommended in small-business and small-team contexts for flexible project/task management.[4][7][14]  
- **Basecamp** – Frequently adopted by small teams and small businesses that value **simplicity over features**, explicitly described as “beneficial for small teams” and “best for simplicity.”[2][12][13]

### Other notable but slightly more niche options for small teams

- **Wrike** – Popular with creative or cross‑functional teams that like spreadsheet-style or proofing features.[5][6][12][13]  
- **Zoho Projects** – Recommended for **small and growing teams** and as flexible project management for various industries.[5][9][10][12]  
- **Paymo, Teamwork, Nifty, Quire, Smartsheet, Plaky** – Show up regularly in “best for small teams/small business” lists, but are less ubiquitous than the core set above.[5][6][9][10][13]

### If you’re picking for a small software team specifically

- For **engineering‑heavy agile teams**: start with **Jira** (most adoption in software dev).[1][11][13]  
- For **very lightweight workflow or early-stage startup**: **Trello** or **Notion**.  
- For **cross‑functional product teams** that want structure but not complexity: **Asana**, **Monday.com**, or **ClickUp**.

If you describe your team size, tech stack, and whether you run Scrum/Kanban, I can narrow this to 2–3 tools with a more tailored recommendation."
7e77a7e0-ff35-4bb4-98c2-26dda15bb47a,Trello,true,true,"For a small team that mainly needs **deadlines and easy file sharing (not sprint planning)**, a lightweight tool like **Trello** or **Todoist (with shared projects)** is usually the best fit, with **Asana** as a slightly more structured option if you want more control.

### Top fits for your use case

**1. Trello – simplest “board + deadlines + files” option**  
Trello lets you create a shared board with cards for tasks, due dates, attachments, and comments, and most teams understand it in minutes.[5]  
- **Why it fits your needs:**  
  - Very visual: columns (To Do / Doing / Done) work well for small teams.[5]  
  - Add **due dates** and see them in a calendar view (on paid plans or via Power-Ups).  
  - Drag-and-drop cards, assign members, and attach files directly to tasks.  
  - Free plan is enough for basic deadlines + file sharing.[5]  
- Best if: you want **minimal setup**, no sprints, just “who’s doing what by when” on a shared board.[4][5]

**2. Todoist (Teams) – task list with strong deadline handling**  
Todoist is recommended specifically for **lightweight, task-based project management** and small teams who “think in tasks, not phases.”[2]  
- **Why it fits your needs:**  
  - Excellent for **deadlines, recurring due dates, and reminders**.[2]  
  - Shared projects where each person sees assigned tasks and due dates.  
  - Simple file attachments and comments per task.  
- Best if: your work is mostly **individual tasks with clear due dates**, and you don’t care about boards or sprints.[2]

**3. Asana – more structured, still friendly to small teams**  
Asana is frequently rated a top choice for small teams because it combines **task lists, timelines, deadlines, and collaboration** without forcing complex agile workflows.[5][10][12]  
- **Why it fits your needs:**  
  - Multiple views: list, board (like Trello), calendar, timeline.[5][12]  
  - Robust **due dates**, assignees, and dependencies if your deadlines span multiple steps.[5][10]  
  - Built‑in comments and file attachments for each task.[12]  
- Best if: you expect projects to become a bit more complex (dependencies, reporting) but still don’t want full sprint tooling.[5][10][12]

### Other tools that can work but are probably more than you need

- **Basecamp** – very simple, with to‑dos, schedules, file sharing, and message boards in one place; great for client collaboration but paid and more “workspace” than pure task tracker.[13][14]  
- **Notion** – powerful if your team lives in documents and wants tasks alongside notes and docs, but can take more configuration.[5][6][12]  
- **ClickUp / monday.com** – feature‑rich and scalable; good if you anticipate growing into more complex workflows, but can feel heavy for “just deadlines + files.”[5][7][14]  

### How to choose quickly for your team

Based on expert guides for small teams:[4][5][11][12]

- Pick **Trello** if you want a **visual board** and the fastest possible start.  
- Pick **Todoist** if you care most about **clean task lists, due dates, and reminders**.  
- Pick **Asana** if you want **some structure and room to grow** without going full agile/sprint planning.

If you tell me your team size, whether you prefer list or board views, and what other tools you already use (e.g., Google Drive, Slack), I can give you a single best recommendation plus a suggested setup (e.g., one project, key columns, and basic workflow)."
22b4b024-47cd-4e19-965e-9eeb78284120,Asana,true,true,"For a 5‑person client‑service agency, **Teamwork** or **Paymo** are the strongest fits because they’re built specifically for managing *client projects plus time tracking and billing* in one place.[5][12]

Below is a focused comparison and a simple recommendation path.

---

## Start here: what your agency most needs

For most small agencies, the critical needs are:

- Tracking tasks and deadlines per client
- Logging **billable hours** per project
- Generating **invoices** and seeing project **profitability**
- Easy **client collaboration** (sharing updates, assets, and approvals)

Tools that do all of this natively (without lots of add‑ons) are best for a 5‑person shop that doesn’t have time to stitch tools together.

---

## Top candidates for a 5‑person agency

### 1. Teamwork – purpose‑built for agencies

- Designed *specifically* for agencies managing multiple client projects.[5]
- Combines **project management**, **built‑in time tracking**, **profitability analysis**, and **client collaboration** in one tool.[5]
- Offers **client portals** so clients can see progress, comment, and share files without needing full internal access.[5]
- Recommended as “**best for agencies tracking billable hours**” where financial visibility matters.[5]
- Often highlighted as Editors’ Choice for **client‑oriented tasks** in project management reviews.[3][10]

**Best if:**  
You bill hourly or on retainers, care a lot about **profitability**, and want a system built around agency workflows out of the box.

---

### 2. Paymo – small‑team friendly with billing built in

- Recommended as the best option “**for managing projects, invoices, and billing across multiple clients**.”[12]
- Lets you track **each client**, manage **tasks and projects**, and tie them directly to **invoices and payments**.[9][12]
- Includes **time tracking** and even **capacity planning/scheduling** on higher tiers, so you can avoid overloading your small team.[9]
- Designed for **small businesses and agencies** that need an all‑in‑one operational tool rather than just task lists.[9][12]

**Best if:**  
You want an affordable, integrated way to handle **projects + time + invoicing** for multiple clients, and your team is 5 people or fewer.

---

### 3. ClickUp or Asana – great if billing happens elsewhere

If you already use a dedicated time‑tracking or invoicing tool (e.g., Harvest, Toggl, QuickBooks), you might not need billing inside your PM app.

- **ClickUp**: Frequently named the **best overall choice for small businesses** due to its breadth of features and low cost.[2][4][5]  
  - Very customizable: tasks, docs, dashboards, automation.[2][4]  
  - Good “single hub” if you’re comfortable with a learning curve.[5]
- **Asana**: Recommended “for ease of use” and **small teams (5–15 people) seeking simplicity**.[5][12]  
  - Excellent for **structured task management and timeline clarity**.[4][10][12]  
  - Often suggested as the default pick for small teams if you want something flexible and clear.[12]

**Best if:**  
You mainly need *clarity and coordination* on client work, and handle **time tracking/invoicing in other tools**.

---

### Other agency‑specific options (for context)

If you want to explore beyond the mainstream:

- **Ravetree** – All‑in‑one agency PSA (projects, resources, CRM, finances), ranked #1 for digital agencies by one review.[11]
- **Scoro** – End‑to‑end agency management on a bigger budget; good when you grow and need deeper financial controls.[10][11]
- **ONES.com, Wrike, ActiveCollab** – Strong but more complex; better if you’re a technical or larger agency needing advanced workflows and reporting.[4][6][7][8][10]

For a 5‑person team, these can be overkill unless you’re already hitting limits in simpler tools.

---

## Concrete recommendation

For a typical 5‑person agency doing client work:

- If you **bill time** and care about seeing **profit per client/project**:  
  → **Choose Teamwork** as your main project management platform.[5][10]

- If you want a slightly leaner tool with **tight integration of projects, time tracking, and invoicing** and are cost‑sensitive:  
  → **Choose Paymo**.[9][12]

- If your billing and time tracking are already solved elsewhere and you mainly need task/communication clarity:  
  → **Choose Asana** (simpler) or **ClickUp**"
02298d88-efc1-4e7a-9164-6214bd710eee,Trello,true,true,"# Lightweight Tool vs. All-in-One Platform: Framework for Deciding

For an 8-person team, this decision usually comes down to trade-offs in flexibility, cost, and overhead. Here's how to think through it:

## The Two Categories

**Lightweight/specialized tools** (e.g., Trello, Linear, Todoist, a dedicated chat app + separate docs tool)
- Do one thing well
- Fast to learn, minimal setup
- You compose several of them together

**All-in-one platforms** (e.g., Notion, ClickUp, Monday.com, Asana with add-ons, Basecamp)
- Combine tasks, docs, chat, and sometimes wikis/calendars in one place
- More configuration up front
- One login, one source of truth (in theory)

## Key Differences to Weigh

| Factor | Lightweight Tools | All-in-One Platform |
|---|---|---|
| **Setup time** | Minutes | Hours to days |
| **Learning curve** | Low per tool, but multiplies with more tools | Higher initially, then flattens |
| **Cost** | Often cheaper per tool, but adds up | Usually cheaper in aggregate at scale |
| **Integration** | Requires connecting via Zapier/native integrations | Built-in, but sometimes shallow |
| **Flexibility** | Swap tools easily if one doesn't fit | Harder to leave once workflows are built in |
| **Context switching** | More tabs/apps | Less switching, but can feel cluttered |
| **Customization depth** | Deep in its specific function | Broad but often shallower per feature |

## Questions to Narrow It Down

1. **How specialized is your workflow?** If you have unique needs (e.g., engineering-specific issue tracking), a best-in-class tool might beat a generic all-in-one.
2. **Who's the admin?** All-in-one platforms often need someone to own setup/maintenance. With 8 people, do you have bandwidth for that?
3. **What's your tolerance for tool sprawl?** Small teams can drown in Slack + Notion + Trello + Google Docs + Calendly. Consolidation reduces friction.
4. **Are you optimizing for now or for growth?** All-in-one platforms tend to scale better organizationally; lightweight stacks are easier to change early.
5. **Budget per seat vs. total cost?** Run actual numbers — 3 lightweight tools at $8-12/user often costs more than one platform at $10-15/user.

## A Practical Middle Path

Many small teams do well with:
- **One all-in-one core** (e.g., Notion or ClickUp) for docs + tasks
- **One dedicated chat tool** (Slack) since chat rarely works well when bundled

This limits sprawl while keeping the best tool for real-time communication.

---

Want me to help you map your specific workflows (task tracking, docs, comms, etc.) against 2-3 concrete tool options?"
00017133-904b-4cb7-8126-f0464420cb71,ClickUp,true,true,"For a **small remote team without a dedicated project manager**, the best choice is usually a tool that is **easy to adopt, supports async updates, and combines task tracking with light collaboration**. Based on the results you provided, **Asana** and **Trello** are the safest default picks for simplicity, while **ClickUp** is the strongest all-in-one option if you want more features and don’t mind a steeper setup.[2][8][10]

A practical way to choose:

- **Asana** — best overall balance of **usability + structure** for small teams; it’s repeatedly recommended for teams that need multiple views, clean task management, and room to grow.[2][8][10][13]
- **Trello** — best if your workflow is very simple and visual; it works well for small teams that want **Kanban boards** and minimal overhead.[5][8][11]
- **ClickUp** — best if you want a single workspace for **tasks, docs, dashboards, and time tracking**; it’s powerful, but may be more than you need if you want something lightweight.[2][10][11]
- **Basecamp** — best if your main need is reducing tool sprawl and keeping **messages, tasks, files, and schedules** in one place.[5][10]
- **Notion** — best if you also want a **knowledge base/wiki** alongside basic project tracking, rather than a pure task manager.[8][10]

If you want a short recommendation:  
- Choose **Asana** if you want the best balance of simplicity and structure.[2][8][10][13]  
- Choose **Trello** if you want the easiest possible setup.[5][8][11]  
- Choose **ClickUp** if you want the most capable all-in-one system.[2][10][11]

For a team like yours, the most important features are **task tracking, shared visibility, async communication, and low friction**—not maximum features.[3][6] If you tell me your team size and whether you do client work, software development, or internal ops, I can narrow this to one best fit."
5a41887f-bbd3-4f99-9134-d7a387ec03d5,Basecamp,true,true,"You are looking for **project management tools that let your team track work with external clients *without requiring the clients to create accounts or log into a portal***. In practice, that means tools with shareable client views or “no-login” workspaces, rather than traditional client portals.

Below are options that fit that requirement most closely, plus a few that come close if you’re willing to let clients have minimal guest access.

---

## Best fit: tools explicitly built for no‑account clients

### 1. **Dock** – client project plans with no client accounts  
Dock is designed specifically for **external collaboration with clients who don’t have accounts**.[2][3]

Key points:  
- **Clients access via a shared link**, not their own login.[2][3]  
- You create **client-facing project plans** (tasks, due dates, statuses) and can embed files, dashboards, and other content in a single workspace.[2][3]  
- You can mark tasks as **“internal only”** so clients don’t see sensitive items, while still viewing the full plan internally.[3]  
- Dock can integrate tasks with Asana, Jira, ClickUp, and Linear, so you can keep your internal PM in one of those and only expose a curated view to clients.[2]

This is the closest “out of the box” answer for: *“We need clients to see and interact with project tasks, but they won’t create accounts.”*

---

## Project management with strong client collaboration (minimal friction)

These tools are good if your clients are willing to use a simple shared workspace or very lightweight account, but they’re not fully “no account” like Dock.

### 2. **Project.co** – focused on collaborating with clients  
Project.co is positioned as project management **for creative teams working directly with clients**.[8]  

- Free plan: **5 internal users, 5 projects, unlimited client collaboration**.[8]  
- Built around **sharing workspaces with clients**, connecting tasks, files, and conversations.[8]  
- Good for agencies/creative teams that need feedback and collateral from clients.

Clients typically have a simple login, but the UX is client-oriented and low friction.

### 3. **Teamwork.com** – for agencies and client work  
Teamwork is often recommended as **best for client work**, with **client views** and budgets.[5][14][11]  

- Designed for agencies and professional services; clients can see only what you share.  
- Has time tracking, budgets, and client-facing views.[5][14]  
- Better when you need more structured PM plus billing/financial context.

Your clients will usually have a portal login; it’s not “no account,” but it is tuned for external clients.

### 4. **Basecamp** – simple “Clientside” area  
Basecamp has a built‑in **“Clientside”** feature: clients see only what you share, and the interface is deliberately simple.[7][13]  

- Good for **simple communication and task lists** with clients who are not PM‑savvy.[7]  
- Free plan supports one project and up to 20 users (including clients).[13]  
- Ideal if your work with each client is relatively straightforward and you care more about clarity than complex PM features.

Again, clients get logins, but the experience is streamlined and requires very little training.

### 5. **SuiteDash / similar client‑portal platforms**  
If you want an all‑in‑one system (PM + CRM + invoicing + proposals) with proper **client portals**, SuiteDash and similar tools provide **unlimited users and white‑label client logins**.[7][10]  

- Clients have their own login and see just their projects and files.[7][10]  
- Heavyweight compared to Dock; more appropriate if you want full client portals integrated with billing and CRM.

---

## Standard PM tools with guest / limited external access

These are strong project management tools that can work with clients, but they expect clients to use guest accounts or simple logins.

- **Asana** – supports **unlimited guests** (external users), though you must pay for at least two seats.[1][7][12]  
- **ClickUp, Trello, monday.com, Wrike, Notion** – all good for small teams; they primarily rely on inviting clients as guests or collaborators.[5][7][12][13][14]  

These are excellent for internal tracking and can be adapted for client work, but they don’t match your “no accounts for clients” requirement as cleanly as Dock.

---

## Practical recommendations by scenario

- **You want clients to interact via a link, no login, and you still need real PM structure:**  
  - Start with **Dock** for external-facing plans, and optionally keep your internal PM in Asana/ClickUp/Jira integrated behind the scenes.["
2dcd253e-7be4-4309-9611-94fc783a10a7,Trello,true,true,"Yes. For a small team that dislikes complicated software, **Trello**, **Basecamp**, or **Todoist** are among the best fits because they are simple, visual, and quick to set up without heavy configuration.[11][6][15]

To narrow it down:

- **Trello – simplest and most visual**  
  - Uses boards, lists, and cards (like digital sticky notes) rather than complex Gantt charts or workflows.[11][7][13][15]  
  - Very easy to learn; most teams can be productive in under an hour.  
  - Great if your needs are: “what are we working on, who’s doing it, and what’s next?”  
  - Recommended specifically for **small teams that need a lightweight tool without complex overhead**.[11][13][15]  

- **Basecamp – one simple hub for everything**  
  - Combines tasks, messages, files, and schedules in a single, uncluttered interface.[11]  
  - Designed for **small teams and agencies** that want a straightforward space for project communication and task management.[11]  
  - Better if you also want to replace long email threads and scattered chats, not just track tasks.  

- **Todoist – “to‑do list” that scales to a tiny team**  
  - Started as a personal to‑do app, which is why it feels very light and non‑technical.[6]  
  - Recommended as a default for small teams who want **“the least friction and just need to track who’s doing what.”**[6]  
  - Good if your team mainly needs shared task lists, due dates, and responsibility, not full project dashboards.  

If you tell me:
- how many people are on your team, and  
- whether you mostly need task tracking, client collaboration, or documentation  

I can recommend *one* of these and outline a super-simple setup (e.g., “3 lists and 5 card types” in Trello) so you don’t end up with another overcomplicated tool."
cd6f3485-dcba-45f3-9cbd-03fe55a844d9,Basecamp,true,true,"You’ll want a **project management tool with a client portal or shareable workspace**, so external clients can see and interact with projects *without* creating full user accounts. The best options fall into two main categories: tools where clients truly don’t need accounts, and tools with free/cheap “guest/client” seats.

---

### 1. Tools where clients don’t need accounts at all

These are ideal if your clients are resistant to sign-ups or passwords.

**Dock (client-facing project plans & portals)**  
- Built specifically for **external collaboration**: you create a shared workspace or project plan, and clients access it via a link.[2][3]  
- **Clients do not need their own accounts**; only your team members have accounts.[3]  
- Supports action plans (tasks, due dates, assignees, statuses) with automatic notifications and real-time updates.[2]  
- You can mark tasks as **“internal only”** so clients see only what you want them to see.[3]  
- Integrates with common internal PM tools like Asana, Jira, ClickUp, and Linear, letting you keep your internal tracking separate from the client view.[2]

**Best fit:** Small teams that already use (or plan to use) a standard PM tool internally but want a polished, client-friendly front end with no login requirement.

---

### 2. Tools with free/cheap client/guest seats

Here clients technically have “accounts,” but they’re free and lightweight, often just to view and comment.

**Project.co**  
- Designed for **collaborating with clients**; stands out for sharing workspaces with external parties.[8]  
- Free forever plan: **5 internal users**, **5 projects**, and **unlimited client collaboration**.[8]  
- Good for creative/agency-style work where you need to share files, tasks, and feedback with clients on each project.[8]

**Teamwork.com**  
- Frequently recommended for **client-oriented work**; includes a **client view** and project budgets.[5][14]  
- Even on paid plans, it’s built around agencies managing external client projects.[11][14]  
- Useful if you want more classic PM features plus time tracking and billing.

**Basecamp (with “Clientside”)**  
- Has a built-in **Clientside** area where clients see only what you explicitly share.[7][13]  
- Simpler interface designed so non-PM clients can understand it easily.[7]  
- Free plan allows **up to 20 users including clients** for one project, which can work well for a small team with a small client roster.[13]

**AnyDB.con, Productive.io, Moovila Perfect Project, Asana (guests)**  
From the project management community:  
- **AnyDB.con**: unlimited guest accounts; you can create templates and share projects with viewer or editor access.[1]  
- **Productive.io**: doesn’t charge for client seats, useful if you want integrated budgeting/time tracking with client access.[1]  
- **Moovila Perfect Project**: lets you restrict client users to view-only or allow them to participate with updates; includes project-specific chat.[1]  
- **Asana**: allows unlimited guests, though you must pay for at least two seats for your internal team.[1]

---

### 3. Simple PM where you *don’t* invite clients

If you only need internal tracking and will keep clients updated by email, PDFs, or occasional exports, any simple PM tool works:

- **Trello** – extremely straightforward kanban boards; great for small teams that just need to organize work internally.[4][12][13]  
- **monday.com** – very visual, solid free plan for small teams, but still oriented to internal users.[4][13][14]  
- **Notion** or **ClickUp** – flexible and customizable; good if you plan to build your own lightweight system and occasionally share read-only links.[6][12][13]

---

### 4. How to choose for your small team

Given your constraints (small team, external clients, no accounts):

- If you want **clients actively using a shared workspace with zero signup**, start with **Dock**. It’s explicitly designed for that use case (external collaboration first, no client accounts, internal-only tasks).[2][3]  
- If you’re okay with lightweight client “accounts” and want a tool built around agencies/clients, look at **Project.co** for the free tier with unlimited client collaborators[8], or **Teamwork.com/Basecamp** if you expect to grow and want strong client-facing features.[5][7][13][14]  
- If you mostly need internal tracking and only occasional client exports, a simple tool like **Trello** or **monday.com** is likely sufficient.[4][13][14]

If you tell me your"
0c35808c-b38c-442a-9bff-cd8098c7f06f,ClickUp,true,true,"You should move from shared spreadsheets to a **proper project management platform** that gives you structured tasks, timelines, ownership, and reporting instead of ad‑hoc sheets.[7][3]

To make this concrete, here’s how to think about the move and a few good options depending on your work style.

---

## 1. Start by deciding *what you need that spreadsheets can’t do*

Common signals you’ve outgrown spreadsheets:

- Work is spread across many tabs/files with no single source of truth.[7]  
- No clear ownership (who’s doing what, by when).  
- Hard to see timelines, dependencies, and capacity across projects.[7][3]  
- Status meetings rely on manual updates instead of live views.  

Project management tools typically add:

- **Centralized task & project tracking** (boards, lists, timelines).[7][4]  
- **Assignments, due dates, and priorities** for each item.[4][7]  
- **Dashboards and reports** for status, workload, and KPIs.[3][7]  
- **Collaboration**: comments, files, and updates in one place.[7][4]  
- **Automations & integrations** with tools like Slack, Outlook, CRM.[3][7]  

Before choosing a tool, outline your key workflows and pain points—e.g., “we need better visibility across projects” or “we need to manage client work and billable hours.”[8][7]

---

## 2. Pick a *category* of tool that matches how you work today

Here are good “next step” tools for different team types:

### If you like the spreadsheet feel but need more structure

- **Smartsheet** – feels like Excel/Google Sheets but adds Gantt charts, dashboards, and automations.[6][4][13]  
  - Best for: teams already comfortable in grids who want PM features without changing the mental model too much.[6][13]  

### If you want general, flexible work management

- **Asana** – strong task management with list, board, and timeline views; great for collaboration and cross‑functional work.[4][11][9]  
- **monday Work Management (monday.com)** – very customizable boards, workflows, and automations; good when each team works a bit differently.[1][4][11]  
- **ClickUp** – “all‑in‑one” workspace with tasks, docs, mind maps, goals; good if you’re willing to invest time configuring a unified system.[2][7]  

These are popular all‑purpose choices for growing teams and are consistently listed among the top PM tools.[7][9][11]

### If your work is mostly software development / Agile

- **Jira** – built for Agile teams with backlogs, sprints, and release tracking.[4][11][9]  
  - Best when you need detailed issue tracking, workflows, and dev integrations.  

### If your projects are client‑focused / agency style

- **Teamwork.com** – designed for client work, with time tracking, billing, and utilization features.[7][5]  
  - Good if you need to see margins, billable vs non‑billable time, and manage many client projects.[7]  

### If you want very simple visual tracking

- **Trello** – classic Kanban boards, easy to adopt, great for simple projects and small teams.[4][7][12]  
  - Good as a first step away from spreadsheets if you mainly need “To Do / Doing / Done” visibility.  

---

## 3. Key criteria to use when choosing

When you evaluate tools, focus on these aspects:[3][7][8]

- **Work type & use case**  
  - Internal ops vs client services vs product/dev work require different capabilities (billing, Agile boards, resource planning).[7]  

- **Scalability**  
  - Can it handle more projects, users, and data without slowing down?  
  - Does it support portfolios, multiple workspaces, and advanced permissions for when your team gets larger?[3][7]  

- **Ease of use & adoption**  
  - Intuitive UI and minimal training needs are critical; complex tools that people avoid are worse than spreadsheets.[3]  

- **Integrations**  
  - Check how it connects to your chat (Slack/Teams), email, file storage, CRM, and dev tools.[3][7]  

- **Methodology support**  
  - If you use Agile, Scrum, or Waterfall, confirm the tool supports your way of working (boards, sprints, Gantt, etc.).[3][11]  

- **Budget and pricing tiers**  
  - Look at per‑user pricing, limits on projects, and “hidden” costs for extra seats or features.[3][8]  
  - Many tools have free or basic plans"
045d24f1-2af7-4d4c-9961-9390f8e11561,Basecamp,true,true,"A kanban-style tool is usually better for a **small team** whose work passes through clear stages and needs shared visibility; a task‑list tool is better if your work is mostly **straightforward tasks** with low coordination and you care more about quick capture and prioritization than workflow stages.[2][3][11][16]

### How to choose for a small team

**Use a kanban-style board if:**

- Your work moves through **defined stages** (e.g., Backlog → In Progress → Review → Done).[2][7][11]  
- You need to **see status at a glance**, spot bottlenecks, and coordinate handoffs between people.[2][11][12]  
- The team collaborates on shared projects and wants a **visual workflow**, not just individual to-do’s.[1][11][14][16]  

Sources consistently note that kanban boards shine for **collaborative, status-driven, process-oriented work** where visualizing stages matters.[1][2][11][16]

**Use a task-list-style tool if:**

- Your work is **simple, linear, and mostly independent tasks** (marketing ops, small client work, internal chores).[3][11][16]  
- You care more about **priority, due dates, and compact views** than visual flow.[2][11]  
- The team is tiny (2–5 people), coordination is light, and you mostly need a shared list plus ownership and deadlines.[3][6][16]  

Task lists are recommended for individuals or small teams doing **straightforward projects** where speed and clarity matter more than process visualization.[3][6][11][16]

A practical rule of thumb from multiple sources:  
- **Kanban** → when *status and stages* are the main thing you need to see.  
- **Lists** → when *priority and fast capture* matter more.[2][6][11]

---

### Recommended kanban-style tools to look at

For a small team, focus on tools that are fast to set up, not heavy platforms.

**Pure/simple kanban boards**

- **Trello** – Classic, very simple kanban; ideal for small teams that want cards moving across columns without friction.[7][9][12][14][15]  
- **Kanban Tool / Jira Kanban** – For teams that want **WIP limits, swimlanes, and automation rules**; better if you’re more “process-heavy.”[9][12]  
- **Sortd** – Kanban inside Gmail; useful if your workflow is email-centric.[8]  
- **workstreams.ai** – Kanban with AI assistance for prioritization and blockers, aimed at teams.[8][12]  

**Kanban inside broader work platforms**

- **ClickUp, Asana, Monday.com** – Full project platforms with kanban views plus lists, timelines, etc.; good if you want kanban now but may grow into more structure later.[9][15][16]  
- **Microsoft Planner / Loop Kanban component** – If you’re on Microsoft 365, Planner/Loop give kanban features with good integration into your existing stack.[4][13]  

If your team needs explicit **workflow policies, WIP limits, and continuous delivery-style flow**, consider Trello with power-ups, Jira, or Taro (for AI-assisted prioritization and WIP enforcement).[12][14]

---

### Recommended task-list-style tools to look at

**Simple shared lists for small teams**

- **Basecamp** – Often used by tiny teams as “to-do lists with schedules”; straightforward and low overhead.[13]  
- **Asana (List view)** – Can be used essentially as structured to-do lists with assignments, dates, and sections; many small teams start here before adopting boards.[13][9]  
- **Any.do** – Started as a personal to-do list and evolved into a simple team collaboration tool while staying lightweight.[10]  
- **Teamcamp / TeamTasks** – Examples of tools that make lists primary while also supporting boards; designed for small teams wanting simple task management with optional kanban.[3][6]  

**Personal-first tools that scale slightly to teams**

- Tools like **Nullboard or Kanboard** (if you’re self-hosting and technical) and **Any.do** (cloud-hosted) can start very simple and support small-team collaboration when needed.[10]  

---

### Practical recommendation for your situation

For a small team, a common pattern is:

- Use a **kanban board** for shared project/workflow (e.g., client delivery, content pipeline, dev tasks).[1][2][11][12]  
- Use **task lists** for individual planning and priority (each person’s “today/this week” list).[11]

If you want to start quickly:

- If your work clearly moves through stages: **try Trello** (or"
